MCC3_MNC2,运营商,国家码,Countries and Regions,国家或地区,国际域名缩写,电话代码,时差,运营商_MCCMNC,国家或地区_运营商_MCCMNC
20201,Cosmote,GR,Greece,希腊,GR,30,-6.0,Cosmote(20201),希腊.Cosmote(20201)
20205,Vodafone GR,GR,Greece,希腊,GR,30,-6.0,Vodafone GR(20205),希腊.Vodafone GR(20205)
20210,TELESTET,GR,Greece,希腊,GR,30,-6.0,TELESTET(20210),希腊.TELESTET(20210)
29001,TELE Greenland,GR,Greece,希腊,GR,30,-6.0,TELE Greenland(29001),希腊.TELE Greenland(29001)
20404,Vodafone NL,NL,Netherlands,荷兰,NL,31,-7.0,Vodafone NL(20404),荷兰.Vodafone NL(20404)
20408,KPN,NL,Netherlands,荷兰,NL,31,-7.0,KPN(20408),荷兰.KPN(20408)
20412,O2 - NL,NL,Netherlands,荷兰,NL,31,-7.0,O2 - NL(20412),荷兰.O2 - NL(20412)
20416,Ben,NL,Netherlands,荷兰,NL,31,-7.0,Ben(20416),荷兰.Ben(20416)
20420,dutchtone,NL,Netherlands,荷兰,NL,31,-7.0,dutchtone(20420),荷兰.dutchtone(20420)
20601,Proximus,BE,Belgium,比利时,BE,32,-7.0,Proximus(20601),比利时.Proximus(20601)
20610,Mobistar,BE,Belgium,比利时,BE,32,-7.0,Mobistar(20610),比利时.Mobistar(20610)
20620,Orange,BE,Belgium,比利时,BE,32,-7.0,Orange(20620),比利时.Orange(20620)
20801,Orange,FR,France,法国,FR,33,-8.0,Orange(20801),法国.Orange(20801)
20810,SFR,FR,France,法国,FR,33,-8.0,SFR(20810),法国.SFR(20810)
20820,BOUYGTEL,FR,France,法国,FR,33,-8.0,BOUYGTEL(20820),法国.BOUYGTEL(20820)
21303,Mobiland,AD,Andorra,安道尔共和国,AD,376,-8.0,Mobiland(21303),安道尔共和国.Mobiland(21303)
21401,Vodafone E,ES,Spain,西班牙,ES,34,-8.0,Vodafone E(21401),西班牙.Vodafone E(21401)
21402,MoviStar,ES,Spain,西班牙,ES,34,-8.0,MoviStar(21402),西班牙.MoviStar(21402)
21403,AMENA,ES,Spain,西班牙,ES,34,-8.0,AMENA(21403),西班牙.AMENA(21403)
21404,Xfera,ES,Spain,西班牙,ES,34,-8.0,Xfera(21404),西班牙.Xfera(21404)
21407,MoviStar,ES,Spain,西班牙,ES,34,-8.0,MoviStar(21407),西班牙.MoviStar(21407)
21601,Pannon GSM,HU,Hungary,匈牙利,HU,36,-7.0,Pannon GSM(21601),匈牙利.Pannon GSM(21601)
21630,Westel,HU,Hungary,匈牙利,HU,36,-7.0,Westel(21630),匈牙利.Westel(21630)
21670,Vodafone,HU,Hungary,匈牙利,HU,36,-7.0,Vodafone(21670),匈牙利.Vodafone(21670)
22001,MOBTEL,YU,Yugoslavia,南斯拉夫,YU,381,-7.0,MOBTEL(22001),南斯拉夫.MOBTEL(22001)
22002,ProMonte,YU,Yugoslavia,南斯拉夫,YU,381,-7.0,ProMonte(22002),南斯拉夫.ProMonte(22002)
22003,Telekom Srbija,YU,Yugoslavia,南斯拉夫,YU,381,-7.0,Telekom Srbija(22003),南斯拉夫.Telekom Srbija(22003)
22004,MONET,YU,Yugoslavia,南斯拉夫,YU,381,-7.0,MONET(22004),南斯拉夫.MONET(22004)
22201,TIM,IT,Italy,意大利,IT,39,-7.0,TIM(22201),意大利.TIM(22201)
22210,Vodafone IT,IT,Italy,意大利,IT,39,-7.0,Vodafone IT(22210),意大利.Vodafone IT(22210)
22288,WIND,IT,Italy,意大利,IT,39,-7.0,WIND(22288),意大利.WIND(22288)
22298,Blu SpA,IT,Italy,意大利,IT,39,-7.0,Blu SpA(22298),意大利.Blu SpA(22298)
22601,CONNEX,RO,Romania,罗马尼亚,RO,40,-6.0,CONNEX(22601),罗马尼亚.CONNEX(22601)
22603,Cosmorom,RO,Romania,罗马尼亚,RO,40,-6.0,Cosmorom(22603),罗马尼亚.Cosmorom(22603)
22610,dialog,RO,Romania,罗马尼亚,RO,40,-6.0,dialog(22610),罗马尼亚.dialog(22610)
22801,Swiss GSM,CH,Switzerland,瑞士,CH,41,-7.0,Swiss GSM(22801),瑞士.Swiss GSM(22801)
22802,sunrise,CH,Switzerland,瑞士,CH,41,-7.0,sunrise(22802),瑞士.sunrise(22802)
22803,Orange,CH,Switzerland,瑞士,CH,41,-7.0,Orange(22803),瑞士.Orange(22803)
23001,PAEGAS,CZ,Czech Republic,捷克,CZ,420,-7.0,PAEGAS(23001),捷克.PAEGAS(23001)
23002,EUROTEL,CZ,Czech Republic,捷克,CZ,420,-7.0,EUROTEL(23002),捷克.EUROTEL(23002)
23003,OSKAR,CZ,Czech Republic,捷克,CZ,420,-7.0,OSKAR(23003),捷克.OSKAR(23003)
23101,GLOBTEL,SK,Slovakia,斯洛伐克,SK,421,-7.0,GLOBTEL(23101),斯洛伐克.GLOBTEL(23101)
23102,EUROTEL,SK,Slovakia,斯洛伐克,SK,421,-7.0,EUROTEL(23102),斯洛伐克.EUROTEL(23102)
23201,A1,AT,Austria,奥地利,AT,43,-7.0,A1(23201),奥地利.A1(23201)
23203,T-Mobile,AT,Austria,奥地利,AT,43,-7.0,T-Mobile(23203),奥地利.T-Mobile(23203)
23205,ONE,AT,Austria,奥地利,AT,43,-7.0,ONE(23205),奥地利.ONE(23205)
23207,tele.ring,AT,Austria,奥地利,AT,43,-7.0,tele.ring(23207),奥地利.tele.ring(23207)
23410,O2 - UK,GB,United Kiongdom,英国,GB,44,-8.0,O2 - UK(23410),英国.O2 - UK(23410)
23415,Vodafone,GB,United Kiongdom,英国,GB,44,-8.0,Vodafone(23415),英国.Vodafone(23415)
23430,T-Mobile UK,GB,United Kiongdom,英国,GB,44,-8.0,T-Mobile UK(23430),英国.T-Mobile UK(23430)
23431,T-Mobile UK,GB,United Kiongdom,英国,GB,44,-8.0,T-Mobile UK(23431),英国.T-Mobile UK(23431)
23432,T-Mobile UK,GB,United Kiongdom,英国,GB,44,-8.0,T-Mobile UK(23432),英国.T-Mobile UK(23432)
23433,Orange,GB,United Kiongdom,英国,GB,44,-8.0,Orange(23433),英国.Orange(23433)
23450,JT GSM,GB,United Kiongdom,英国,GB,44,-8.0,JT GSM(23450),英国.JT GSM(23450)
23455,GUERNSEY TEL,GB,United Kiongdom,英国,GB,44,-8.0,GUERNSEY TEL(23455),英国.GUERNSEY TEL(23455)
23458,MANX,GB,United Kiongdom,英国,GB,44,-8.0,MANX(23458),英国.MANX(23458)
23801,TDK-MOBIL,DK,Denmark,丹麦,DK,45,-7.0,TDK-MOBIL(23801),丹麦.TDK-MOBIL(23801)
23802,SONOFON,DK,Denmark,丹麦,DK,45,-7.0,SONOFON(23802),丹麦.SONOFON(23802)
23820,Telia,DK,Denmark,丹麦,DK,45,-7.0,Telia(23820),丹麦.Telia(23820)
23830,Orange,DK,Denmark,丹麦,DK,45,-7.0,Orange(23830),丹麦.Orange(23830)
24001,Telia S,SE,Sweden,瑞典,SE,46,-7.0,Telia S(24001),瑞典.Telia S(24001)
24007,IQ,SE,Sweden,瑞典,SE,46,-7.0,IQ(24007),瑞典.IQ(24007)
24008,Vodafone,SE,Sweden,瑞典,SE,46,-7.0,Vodafone(24008),瑞典.Vodafone(24008)
24201,TELENOR,NO,Norway,挪威,NO,47,-7.0,TELENOR(24201),挪威.TELENOR(24201)
24202,NetCom,NO,Norway,挪威,NO,47,-7.0,NetCom(24202),挪威.NetCom(24202)
24403,Telia,FI,Finland,芬兰,FI,358,-6.0,Telia(24403),芬兰.Telia(24403)
24405,RADIOLINJA,FI,Finland,芬兰,FI,358,-6.0,RADIOLINJA(24405),芬兰.RADIOLINJA(24405)
24409,FINNET,FI,Finland,芬兰,FI,358,-6.0,FINNET(24409),芬兰.FINNET(24409)
24412,2G,FI,Finland,芬兰,FI,358,-6.0,2G(24412),芬兰.2G(24412)
24414,AMT,FI,Finland,芬兰,FI,358,-6.0,AMT(24414),芬兰.AMT(24414)
24491,SONERA,FI,Finland,芬兰,FI,358,-6.0,SONERA(24491),芬兰.SONERA(24491)
24601,OMNITEL,LT,Lithuania,立陶宛,LT,370,-5.0,OMNITEL(24601),立陶宛.OMNITEL(24601)
24602,Bite GSM,LT,Lithuania,立陶宛,LT,370,-5.0,Bite GSM(24602),立陶宛.Bite GSM(24602)
24603,TELE2,LT,Lithuania,立陶宛,LT,370,-5.0,TELE2(24603),立陶宛.TELE2(24603)
24701,LMT GSM,LV,Latvia,拉脱维亚,LV,371,-5.0,LMT GSM(24701),拉脱维亚.LMT GSM(24701)
24702,BALTCOM,LV,Latvia,拉脱维亚,LV,371,-5.0,BALTCOM(24702),拉脱维亚.BALTCOM(24702)
24801,EMT GSM,EE,Estonia,爱沙尼亚,EE,372,-5.0,EMT GSM(24801),爱沙尼亚.EMT GSM(24801)
24802,RLE,EE,Estonia,爱沙尼亚,EE,372,-5.0,RLE(24802),爱沙尼亚.RLE(24802)
24803,Q GSM,EE,Estonia,爱沙尼亚,EE,372,-5.0,Q GSM(24803),爱沙尼亚.Q GSM(24803)
25001,MTS,RU,Russia,俄罗斯,RU,7,-5.0,MTS(25001),俄罗斯.MTS(25001)
25002,NorthWest GSM,RU,Russia,俄罗斯,RU,7,-5.0,NorthWest GSM(25002),俄罗斯.NorthWest GSM(25002)
25003,NCC,RU,Russia,俄罗斯,RU,7,-5.0,NCC(25003),俄罗斯.NCC(25003)
25005,SCS,RU,Russia,俄罗斯,RU,7,-5.0,SCS(25005),俄罗斯.SCS(25005)
25007,SMARTS,RU,Russia,俄罗斯,RU,7,-5.0,SMARTS(25007),俄罗斯.SMARTS(25007)
25010,DTC,RU,Russia,俄罗斯,RU,7,-5.0,DTC(25010),俄罗斯.DTC(25010)
25011,Orensot,RU,Russia,俄罗斯,RU,7,-5.0,Orensot(25011),俄罗斯.Orensot(25011)
25012,Far East,RU,Russia,俄罗斯,RU,7,-5.0,Far East(25012),俄罗斯.Far East(25012)
25013,Kuban GSM,RU,Russia,俄罗斯,RU,7,-5.0,Kuban GSM(25013),俄罗斯.Kuban GSM(25013)
25016,NTC,RU,Russia,俄罗斯,RU,7,-5.0,NTC(25016),俄罗斯.NTC(25016)
25017,Ermak RMS,RU,Russia,俄罗斯,RU,7,-5.0,Ermak RMS(25017),俄罗斯.Ermak RMS(25017)
25028,EXTEL,RU,Russia,俄罗斯,RU,7,-5.0,EXTEL(25028),俄罗斯.EXTEL(25028)
25039,Uraltel,RU,Russia,俄罗斯,RU,7,-5.0,Uraltel(25039),俄罗斯.Uraltel(25039)
25044,NC-GSM,RU,Russia,俄罗斯,RU,7,-5.0,NC-GSM(25044),俄罗斯.NC-GSM(25044)
25091,Sonic Duo,RU,Russia,俄罗斯,RU,7,-5.0,Sonic Duo(25091),俄罗斯.Sonic Duo(25091)
25092,Primtel,RU,Russia,俄罗斯,RU,7,-5.0,Primtel(25092),俄罗斯.Primtel(25092)
25093,JSC Telecom XXI,RU,Russia,俄罗斯,RU,7,-5.0,JSC Telecom XXI(25093),俄罗斯.JSC Telecom XXI(25093)
25099,Bee Line,RU,Russia,俄罗斯,RU,7,-5.0,Bee Line(25099),俄罗斯.Bee Line(25099)
25501,UMC,UA,Ukraine,乌克兰,UA,380,-5.0,UMC(25501),乌克兰.UMC(25501)
25502,WellCOM,UA,Ukraine,乌克兰,UA,380,-5.0,WellCOM(25502),乌克兰.WellCOM(25502)
25503,Kyivstar,UA,Ukraine,乌克兰,UA,380,-5.0,Kyivstar(25503),乌克兰.Kyivstar(25503)
25505,Golden Telecom,UA,Ukraine,乌克兰,UA,380,-5.0,Golden Telecom(25505),乌克兰.Golden Telecom(25505)
25701,VELCOM,BY,Belarus,白俄罗斯,BY,375,-6.0,VELCOM(25701),白俄罗斯.VELCOM(25701)
25901,VOXTEL,MD,Moldova Republic of,摩尔多瓦,MD,373,-5.0,VOXTEL(25901),摩尔多瓦.VOXTEL(25901)
25902,MOLDCELL,MD,Moldova Republic of,摩尔多瓦,MD,373,-5.0,MOLDCELL(25902),摩尔多瓦.MOLDCELL(25902)
26001,Plus GSM,PL,Poland,波兰,PL,48,-7.0,Plus GSM(26001),波兰.Plus GSM(26001)
26002,Era GSM,PL,Poland,波兰,PL,48,-7.0,Era GSM(26002),波兰.Era GSM(26002)
26003,IDEA,PL,Poland,波兰,PL,48,-7.0,IDEA(26003),波兰.IDEA(26003)
26201,T-Mobile,DE,Germany,德国,DE,49,-7.0,T-Mobile(26201),德国.T-Mobile(26201)
26202,Vodafone D2,DE,Germany,德国,DE,49,-7.0,Vodafone D2(26202),德国.Vodafone D2(26202)
26203,E-Plus,DE,Germany,德国,DE,49,-7.0,E-Plus(26203),德国.E-Plus(26203)
26207,O2 - DE,DE,Germany,德国,DE,49,-7.0,O2 - DE(26207),德国.O2 - DE(26207)
26213,Mobilcom,DE,Germany,德国,DE,49,-7.0,Mobilcom(26213),德国.Mobilcom(26213)
26601,GIBTEL,GI,Gibraltar,直布罗陀,GI,350,-8.0,GIBTEL(26601),直布罗陀.GIBTEL(26601)
26801,Vodafone,PT,Portugal,葡萄牙,PT,351,-8.0,Vodafone(26801),葡萄牙.Vodafone(26801)
26803,OPTIMUS,PT,Portugal,葡萄牙,PT,351,-8.0,OPTIMUS(26803),葡萄牙.OPTIMUS(26803)
26806,TMN,PT,Portugal,葡萄牙,PT,351,-8.0,TMN(26806),葡萄牙.TMN(26806)
27001,LUXGSM,LU,Luxembourg,卢森堡,LU,352,-7.0,LUXGSM(27001),卢森堡.LUXGSM(27001)
27077,TANGO,LU,Luxembourg,卢森堡,LU,352,-7.0,TANGO(27077),卢森堡.TANGO(27077)
27201,Vodafone IRL,IE,Ireland,爱尔兰,IE,353,-4.3,Vodafone IRL(27201),爱尔兰.Vodafone IRL(27201)
27202,O2 - IRL,IE,Ireland,爱尔兰,IE,353,-4.3,O2 - IRL(27202),爱尔兰.O2 - IRL(27202)
27203,METEOR,IE,Ireland,爱尔兰,IE,353,-4.3,METEOR(27203),爱尔兰.METEOR(27203)
27401,SIMINN,IS,Iceland,冰岛,IS,354,-9.0,SIMINN(27401),冰岛.SIMINN(27401)
27402,TAL,IS,Iceland,冰岛,IS,354,-9.0,TAL(27402),冰岛.TAL(27402)
27404,Viking,IS,Iceland,冰岛,IS,354,-9.0,Viking(27404),冰岛.Viking(27404)
27601,AMC,AL,Albania,阿尔巴尼亚,AL,355,-7.0,AMC(27601),阿尔巴尼亚.AMC(27601)
27602,Vodafone,AL,Albania,阿尔巴尼亚,AL,355,-7.0,Vodafone(27602),阿尔巴尼亚.Vodafone(27602)
27801,Vodafone Malta,MT,Malta,马耳他,MT,356,-7.0,Vodafone Malta(27801),马耳他.Vodafone Malta(27801)
27821,go mobile,MT,Malta,马耳他,MT,356,-7.0,go mobile(27821),马耳他.go mobile(27821)
28001,CYTAGSM,CY,Cyprus,塞浦路斯,CY,357,-6.0,CYTAGSM(28001),塞浦路斯.CYTAGSM(28001)
28201,GEOCELL,GE,Georgia,格鲁吉亚,GE,995,0.0,GEOCELL(28201),格鲁吉亚.GEOCELL(28201)
28202,Magti GSM,GE,Georgia,格鲁吉亚,GE,995,0.0,Magti GSM(28202),格鲁吉亚.Magti GSM(28202)
28203,GEO 03,GE,Georgia,格鲁吉亚,GE,995,0.0,GEO 03(28203),格鲁吉亚.GEO 03(28203)
28301,ARMGSM,AM,Armenia,亚美尼亚,AM,374,-6.0,ARMGSM(28301),亚美尼亚.ARMGSM(28301)
28401,M-TEL GSM,BG,Bulgaria,保加利亚,BG,359,-6.0,M-TEL GSM(28401),保加利亚.M-TEL GSM(28401)
28601,TURKCELL,TR,Turkey,土耳其,TR,90,-6.0,TURKCELL(28601),土耳其.TURKCELL(28601)
28602,TELSIM,TR,Turkey,土耳其,TR,90,-6.0,TELSIM(28602),土耳其.TELSIM(28602)
28603,ARIA,TR,Turkey,土耳其,TR,90,-6.0,ARIA(28603),土耳其.ARIA(28603)
28604,AYCELL,TR,Turkey,土耳其,TR,90,-6.0,AYCELL(28604),土耳其.AYCELL(28604)
29340,SI.MOBIL,SI,Slovenia,斯洛文尼亚,SI,386,-7.0,SI.MOBIL(29340),斯洛文尼亚.SI.MOBIL(29340)
29341,MOBITEL,SI,Slovenia,斯洛文尼亚,SI,386,-7.0,MOBITEL(29341),斯洛文尼亚.MOBITEL(29341)
29501,TELECOM,LI,Liechtenstein,列支敦士登,LI,423,-7.0,TELECOM(29501),列支敦士登.TELECOM(29501)
29502,MONTEL,LI,Liechtenstein,列支敦士登,LI,423,-7.0,MONTEL(29502),列支敦士登.MONTEL(29502)
29505,FL1,LI,Liechtenstein,列支敦士登,LI,423,-7.0,FL1(29505),列支敦士登.FL1(29505)
29577,LI TANGO,LI,Liechtenstein,列支敦士登,LI,423,-7.0,LI TANGO(29577),列支敦士登.LI TANGO(29577)
30237,Microcell,CA,Canada,加拿大,CA,1,-13.0,Microcell(30237),加拿大.Microcell(30237)
30272,Rogers AT&T,CA,Canada,加拿大,CA,1,-13.0,Rogers AT&T(30272),加拿大.Rogers AT&T(30272)
31001,Cellnet,US,United States of America,美国,US,1,-13.0,Cellnet(31001),美国.Cellnet(31001)
31011,Wireless 2000,US,United States of America,美国,US,1,-13.0,Wireless 2000(31011),美国.Wireless 2000(31011)
31015,Cingular,US,United States of America,美国,US,1,-13.0,Cingular(31015),美国.Cingular(31015)
31016,T-Mobile,US,United States of America,美国,US,1,-13.0,T-Mobile(31016),美国.T-Mobile(31016)
31017,Cingular,US,United States of America,美国,US,1,-13.0,Cingular(31017),美国.Cingular(31017)
31018,Cingular,US,United States of America,美国,US,1,-13.0,Cingular(31018),美国.Cingular(31018)
31020,T-Mobile,US,United States of America,美国,US,1,-13.0,T-Mobile(31020),美国.T-Mobile(31020)
31021,T-Mobile,US,United States of America,美国,US,1,-13.0,T-Mobile(31021),美国.T-Mobile(31021)
31022,T-Mobile,US,United States of America,美国,US,1,-13.0,T-Mobile(31022),美国.T-Mobile(31022)
31023,T-Mobile,US,United States of America,美国,US,1,-13.0,T-Mobile(31023),美国.T-Mobile(31023)
31024,T-Mobile,US,United States of America,美国,US,1,-13.0,T-Mobile(31024),美国.T-Mobile(31024)
31025,T-Mobile,US,United States of America,美国,US,1,-13.0,T-Mobile(31025),美国.T-Mobile(31025)
31026,T-Mobile,US,United States of America,美国,US,1,-13.0,T-Mobile(31026),美国.T-Mobile(31026)
31027,T-Mobile,US,United States of America,美国,US,1,-13.0,T-Mobile(31027),美国.T-Mobile(31027)
31031,T-Mobile,US,United States of America,美国,US,1,-13.0,T-Mobile(31031),美国.T-Mobile(31031)
31034,WestLink,US,United States of America,美国,US,1,-13.0,WestLink(31034),美国.WestLink(31034)
31035,Carolina,US,United States of America,美国,US,1,-13.0,Carolina(31035),美国.Carolina(31035)
31038,AT&T Wireless,US,United States of America,美国,US,1,-13.0,AT&T Wireless(31038),美国.AT&T Wireless(31038)
31041,Cingular,US,United States of America,美国,US,1,-13.0,Cingular(31041),美国.Cingular(31041)
31046,TMP Corp,US,United States of America,美国,US,1,-13.0,TMP Corp(31046),美国.TMP Corp(31046)
31058,T-Mobile,US,United States of America,美国,US,1,-13.0,T-Mobile(31058),美国.T-Mobile(31058)
31061,Epic Touch,US,United States of America,美国,US,1,-13.0,Epic Touch(31061),美国.Epic Touch(31061)
31063,AmeriLink,US,United States of America,美国,US,1,-13.0,AmeriLink(31063),美国.AmeriLink(31063)
31064,Einstein PCS,US,United States of America,美国,US,1,-13.0,Einstein PCS(31064),美国.Einstein PCS(31064)
31066,T-Mobile,US,United States of America,美国,US,1,-13.0,T-Mobile(31066),美国.T-Mobile(31066)
31067,Wireless 2000,US,United States of America,美国,US,1,-13.0,Wireless 2000(31067),美国.Wireless 2000(31067)
31068,NPI Wireless,US,United States of America,美国,US,1,-13.0,NPI Wireless(31068),美国.NPI Wireless(31068)
31069,Conestoga,US,United States of America,美国,US,1,-13.0,Conestoga(31069),美国.Conestoga(31069)
31074,Telemetrix,US,United States of America,美国,US,1,-13.0,Telemetrix(31074),美国.Telemetrix(31074)
31076,PTSI,US,United States of America,美国,US,1,-13.0,PTSI(31076),美国.PTSI(31076)
31077,Iowa Wireless,US,United States of America,美国,US,1,-13.0,Iowa Wireless(31077),美国.Iowa Wireless(31077)
31078,Airlink PCS,US,United States of America,美国,US,1,-13.0,Airlink PCS(31078),美国.Airlink PCS(31078)
31079,PinPoint,US,United States of America,美国,US,1,-13.0,PinPoint(31079),美国.PinPoint(31079)
31080,T-Mobile,US,United States of America,美国,US,1,-13.0,T-Mobile(31080),美国.T-Mobile(31080)
31098,AWS,US,United States of America,美国,US,1,-13.0,AWS(31098),美国.AWS(31098)
33805,Digicel,JM,Jamaica,牙买加,JM,1876,-12.0,Digicel(33805),牙买加.Digicel(33805)
34430,APUA PCS,AG,Antigua and Barbuda,安提瓜和巴布达,AG,1268,-12.0,APUA PCS(34430),安提瓜和巴布达.APUA PCS(34430)
35001,Telecom,BM,Bermuda Is.,百慕大群岛,BM,1441,-12.0,Telecom(35001),百慕大群岛.Telecom(35001)
36801,C_Com,CU,Cuba,古巴,CU,53,-13.0,C_Com(36801),古巴.C_Com(36801)
37001,Orange,DO,Dominica Rep.,多米尼加共和国,DO,1890,-13.0,Orange(37001),多米尼加共和国.Orange(37001)
40001,AZERCELL GSM,AZ,Azerbaijan,阿塞拜疆,AZ,994,-5.0,AZERCELL GSM(40001),阿塞拜疆.AZERCELL GSM(40001)
40002,BAKCELL GSM 2000,AZ,Azerbaijan,阿塞拜疆,AZ,994,-5.0,BAKCELL GSM 2000(40002),阿塞拜疆.BAKCELL GSM 2000(40002)
40101,K-MOBILE,KZ,Kazakstan,哈萨克斯坦,KZ,327,-5.0,K-MOBILE(40101),哈萨克斯坦.K-MOBILE(40101)
40102,K'CELL,KZ,Kazakstan,哈萨克斯坦,KZ,327,-5.0,K'CELL(40102),哈萨克斯坦.K'CELL(40102)
40401,Hutch,IN,India,印度,IN,91,-2.3,Hutch(40401),印度.Hutch(40401)
40402,Airtel,IN,India,印度,IN,91,-2.3,Airtel(40402),印度.Airtel(40402)
40403,Airtel,IN,India,印度,IN,91,-2.3,Airtel(40403),印度.Airtel(40403)
40404,IDEA,IN,India,印度,IN,91,-2.3,IDEA(40404),印度.IDEA(40404)
40405,Hutch,IN,India,印度,IN,91,-2.3,Hutch(40405),印度.Hutch(40405)
40407,IDEA,IN,India,印度,IN,91,-2.3,IDEA(40407),印度.IDEA(40407)
40409,Reliance,IN,India,印度,IN,91,-2.3,Reliance(40409),印度.Reliance(40409)
40410,Airtel,IN,India,印度,IN,91,-2.3,Airtel(40410),印度.Airtel(40410)
40411,Hutch,IN,India,印度,IN,91,-2.3,Hutch(40411),印度.Hutch(40411)
40412,IDEA,IN,India,印度,IN,91,-2.3,IDEA(40412),印度.IDEA(40412)
40413,Hutch,IN,India,印度,IN,91,-2.3,Hutch(40413),印度.Hutch(40413)
40414,Spice,IN,India,印度,IN,91,-2.3,Spice(40414),印度.Spice(40414)
40415,Hutch,IN,India,印度,IN,91,-2.3,Hutch(40415),印度.Hutch(40415)
40416,Airtel,IN,India,印度,IN,91,-2.3,Airtel(40416),印度.Airtel(40416)
40418,Reliance,IN,India,印度,IN,91,-2.3,Reliance(40418),印度.Reliance(40418)
40419,IDEA,IN,India,印度,IN,91,-2.3,IDEA(40419),印度.IDEA(40419)
40420,Hutch,IN,India,印度,IN,91,-2.3,Hutch(40420),印度.Hutch(40420)
40421,BPL Mobile,IN,India,印度,IN,91,-2.3,BPL Mobile(40421),印度.BPL Mobile(40421)
40422,IDEA,IN,India,印度,IN,91,-2.3,IDEA(40422),印度.IDEA(40422)
40424,IDEA,IN,India,印度,IN,91,-2.3,IDEA(40424),印度.IDEA(40424)
40427,Hutch,IN,India,印度,IN,91,-2.3,Hutch(40427),印度.Hutch(40427)
40429,Aircel,IN,India,印度,IN,91,-2.3,Aircel(40429),印度.Aircel(40429)
40430,Hutch,IN,India,印度,IN,91,-2.3,Hutch(40430),印度.Hutch(40430)
40431,Airtel,IN,India,印度,IN,91,-2.3,Airtel(40431),印度.Airtel(40431)
40434,Cellone,IN,India,印度,IN,91,-2.3,Cellone(40434),印度.Cellone(40434)
40436,Reliance,IN,India,印度,IN,91,-2.3,Reliance(40436),印度.Reliance(40436)
40437,Aircel,IN,India,印度,IN,91,-2.3,Aircel(40437),印度.Aircel(40437)
40438,Cellone,IN,India,印度,IN,91,-2.3,Cellone(40438),印度.Cellone(40438)
40440,Airtel,IN,India,印度,IN,91,-2.3,Airtel(40440),印度.Airtel(40440)
40441,RPG,IN,India,印度,IN,91,-2.3,RPG(40441),印度.RPG(40441)
40443,Hutch,IN,India,印度,IN,91,-2.3,Hutch(40443),印度.Hutch(40443)
40444,Spice,IN,India,印度,IN,91,-2.3,Spice(40444),印度.Spice(40444)
40445,Airtel,IN,India,印度,IN,91,-2.3,Airtel(40445),印度.Airtel(40445)
40446,Hutch,IN,India,印度,IN,91,-2.3,Hutch(40446),印度.Hutch(40446)
40449,Airtel,IN,India,印度,IN,91,-2.3,Airtel(40449),印度.Airtel(40449)
40450,Reliance,IN,India,印度,IN,91,-2.3,Reliance(40450),印度.Reliance(40450)
40451,Cellone,IN,India,印度,IN,91,-2.3,Cellone(40451),印度.Cellone(40451)
40452,Reliance,IN,India,印度,IN,91,-2.3,Reliance(40452),印度.Reliance(40452)
40453,Cellone,IN,India,印度,IN,91,-2.3,Cellone(40453),印度.Cellone(40453)
40454,Cellone,IN,India,印度,IN,91,-2.3,Cellone(40454),印度.Cellone(40454)
40455,Cellone,IN,India,印度,IN,91,-2.3,Cellone(40455),印度.Cellone(40455)
40456,IDEA,IN,India,印度,IN,91,-2.3,IDEA(40456),印度.IDEA(40456)
40457,Cellone,IN,India,印度,IN,91,-2.3,Cellone(40457),印度.Cellone(40457)
40458,Cellone,IN,India,印度,IN,91,-2.3,Cellone(40458),印度.Cellone(40458)
40459,Cellone,IN,India,印度,IN,91,-2.3,Cellone(40459),印度.Cellone(40459)
40460,Hutch,IN,India,印度,IN,91,-2.3,Hutch(40460),印度.Hutch(40460)
40462,Cellone,IN,India,印度,IN,91,-2.3,Cellone(40462),印度.Cellone(40462)
40464,Cellone,IN,India,印度,IN,91,-2.3,Cellone(40464),印度.Cellone(40464)
40466,Cellone,IN,India,印度,IN,91,-2.3,Cellone(40466),印度.Cellone(40466)
40467,Reliance,IN,India,印度,IN,91,-2.3,Reliance(40467),印度.Reliance(40467)
40468,DOLPHIN,IN,India,印度,IN,91,-2.3,DOLPHIN(40468),印度.DOLPHIN(40468)
40469,MTNL,IN,India,印度,IN,91,-2.3,MTNL(40469),印度.MTNL(40469)
40470,Airtel,IN,India,印度,IN,91,-2.3,Airtel(40470),印度.Airtel(40470)
40471,Cellone,IN,India,印度,IN,91,-2.3,Cellone(40471),印度.Cellone(40471)
40472,Cellone,IN,India,印度,IN,91,-2.3,Cellone(40472),印度.Cellone(40472)
40473,Cellone,IN,India,印度,IN,91,-2.3,Cellone(40473),印度.Cellone(40473)
40474,Cellone,IN,India,印度,IN,91,-2.3,Cellone(40474),印度.Cellone(40474)
40475,Cellone,IN,India,印度,IN,91,-2.3,Cellone(40475),印度.Cellone(40475)
40476,Cellone,IN,India,印度,IN,91,-2.3,Cellone(40476),印度.Cellone(40476)
40477,Cellone,IN,India,印度,IN,91,-2.3,Cellone(40477),印度.Cellone(40477)
40478,IDEA,IN,India,印度,IN,91,-2.3,IDEA(40478),印度.IDEA(40478)
40479,Cellone,IN,India,印度,IN,91,-2.3,Cellone(40479),印度.Cellone(40479)
40480,Cellone,IN,India,印度,IN,91,-2.3,Cellone(40480),印度.Cellone(40480)
40481,Cellone,IN,India,印度,IN,91,-2.3,Cellone(40481),印度.Cellone(40481)
40482,IDEA,IN,India,印度,IN,91,-2.3,IDEA(40482),印度.IDEA(40482)
40483,Reliance,IN,India,印度,IN,91,-2.3,Reliance(40483),印度.Reliance(40483)
40484,Hutch,IN,India,印度,IN,91,-2.3,Hutch(40484),印度.Hutch(40484)
40485,Reliance,IN,India,印度,IN,91,-2.3,Reliance(40485),印度.Reliance(40485)
40486,Hutch,IN,India,印度,IN,91,-2.3,Hutch(40486),印度.Hutch(40486)
40487,IDEA,IN,India,印度,IN,91,-2.3,IDEA(40487),印度.IDEA(40487)
40488,Hutch,IN,India,印度,IN,91,-2.3,Hutch(40488),印度.Hutch(40488)
40489,IDEA,IN,India,印度,IN,91,-2.3,IDEA(40489),印度.IDEA(40489)
40490,Airtel,IN,India,印度,IN,91,-2.3,Airtel(40490),印度.Airtel(40490)
40492,Airtel,IN,India,印度,IN,91,-2.3,Airtel(40492),印度.Airtel(40492)
40493,Airtel,IN,India,印度,IN,91,-2.3,Airtel(40493),印度.Airtel(40493)
40494,Airtel,IN,India,印度,IN,91,-2.3,Airtel(40494),印度.Airtel(40494)
40495,Airtel,IN,India,印度,IN,91,-2.3,Airtel(40495),印度.Airtel(40495)
40496,Airtel,IN,India,印度,IN,91,-2.3,Airtel(40496),印度.Airtel(40496)
40497,Airtel,IN,India,印度,IN,91,-2.3,Airtel(40497),印度.Airtel(40497)
40498,Airtel,IN,India,印度,IN,91,-2.3,Airtel(40498),印度.Airtel(40498)
40551,Airtel,IN,India,印度,IN,91,-2.3,Airtel(40551),印度.Airtel(40551)
40552,Airtel,IN,India,印度,IN,91,-2.3,Airtel(40552),印度.Airtel(40552)
40553,Airtel,IN,India,印度,IN,91,-2.3,Airtel(40553),印度.Airtel(40553)
40554,Airtel,IN,India,印度,IN,91,-2.3,Airtel(40554),印度.Airtel(40554)
40555,Airtel,IN,India,印度,IN,91,-2.3,Airtel(40555),印度.Airtel(40555)
40556,Airtel,IN,India,印度,IN,91,-2.3,Airtel(40556),印度.Airtel(40556)
40566,Hutch,IN,India,印度,IN,91,-2.3,Hutch(40566),印度.Hutch(40566)
40567,Hutch,IN,India,印度,IN,91,-2.3,Hutch(40567),印度.Hutch(40567)
41001,Mobilink,PK,Pakistan,巴基斯坦,PK,92,-2.3,Mobilink(41001),巴基斯坦.Mobilink(41001)
41302,DIALOG,LK,Sri Lanka,斯里兰卡,LK,94,0.0,DIALOG(41302),斯里兰卡.DIALOG(41302)
41303,CELLTEL,LK,Sri Lanka,斯里兰卡,LK,94,0.0,CELLTEL(41303),斯里兰卡.CELLTEL(41303)
41401,MM 900,MM,Burma,缅甸,MM,95,-1.3,MM 900(41401),缅甸.MM 900(41401)
41501,Cellis,LB,Lebanon,黎巴嫩,LB,961,-6.0,Cellis(41501),黎巴嫩.Cellis(41501)
41503,LibanCell,LB,Lebanon,黎巴嫩,LB,961,-6.0,LibanCell(41503),黎巴嫩.LibanCell(41503)
41601,Fastlink,JO,Jordan,约旦,JO,962,-6.0,Fastlink(41601),约旦.Fastlink(41601)
41677,MobileCom,JO,Jordan,约旦,JO,962,-6.0,MobileCom(41677),约旦.MobileCom(41677)
41702,Spacetel,SY,Syria,叙利亚,SY,963,-6.0,Spacetel(41702),叙利亚.Spacetel(41702)
41709,MOBILE SYRIA,SY,Syria,叙利亚,SY,963,-6.0,MOBILE SYRIA(41709),叙利亚.MOBILE SYRIA(41709)
41902,MTCNet,KW,Kuwait,科威特,KW,965,-5.0,MTCNet(41902),科威特.MTCNet(41902)
41903,WATANIYA,KW,Kuwait,科威特,KW,965,-5.0,WATANIYA(41903),科威特.WATANIYA(41903)
42001,Al-Jawal,SA,Saudi Arabia,沙特阿拉伯,SA,966,-5.0,Al-Jawal(42001),沙特阿拉伯.Al-Jawal(42001)
42007,EAE,SA,Saudi Arabia,沙特阿拉伯,SA,966,-5.0,EAE(42007),沙特阿拉伯.EAE(42007)
42102,Spacetel,YE,Yemen,也门,YE,967,-5.0,Spacetel(42102),也门.Spacetel(42102)
42202,OMAN MOBILE,OM,Oman,阿曼,OM,968,-4.0,OMAN MOBILE(42202),阿曼.OMAN MOBILE(42202)
42402,ETISALAT,AE,United Arab Emirates,阿拉伯联合酋长国,AE,971,-4.0,ETISALAT(42402),阿拉伯联合酋长国.ETISALAT(42402)
42501,Orange,IL,Israel,以色列,IL,972,-6.0,Orange(42501),以色列.Orange(42501)
42505,JAWWAL,IL,Israel,以色列,IL,972,-6.0,JAWWAL(42505),以色列.JAWWAL(42505)
42601,MOBILE PLUS,BH,Bahrain,巴林,BH,973,-5.0,MOBILE PLUS(42601),巴林.MOBILE PLUS(42601)
42701,QATARNET,QA,Qatar,卡塔尔,QA,974,-5.0,QATARNET(42701),卡塔尔.QATARNET(42701)
42899,MobiCom,MN,Mongolia,蒙古,MN,976,0.0,MobiCom(42899),蒙古.MobiCom(42899)
42901,NTC,NP,Nepal,尼泊尔,NP,977,-2.3,NTC(42901),尼泊尔.NTC(42901)
43211,TCI,IR,Iran,伊朗,IR,98,-4.3,TCI(43211),伊朗.TCI(43211)
43214,KISH,IR,Iran,伊朗,IR,98,-4.3,KISH(43214),伊朗.KISH(43214)
43401,Buztel,UZ,Uzbekistan,乌兹别克斯坦,UZ,233,-5.0,Buztel(43401),乌兹别克斯坦.Buztel(43401)
43402,Uzmacom,UZ,Uzbekistan,乌兹别克斯坦,UZ,233,-5.0,Uzmacom(43402),乌兹别克斯坦.Uzmacom(43402)
43404,UZB DAEWOO-GSM,UZ,Uzbekistan,乌兹别克斯坦,UZ,233,-5.0,UZB DAEWOO-GSM(43404),乌兹别克斯坦.UZB DAEWOO-GSM(43404)
43405,Coscom,UZ,Uzbekistan,乌兹别克斯坦,UZ,233,-5.0,Coscom(43405),乌兹别克斯坦.Coscom(43405)
43701,BITEL,KG,Kyrgyzstan,吉尔吉斯坦,KG,331,-5.0,BITEL(43701),吉尔吉斯坦.BITEL(43701)
43801,BCTI,TM,Turkmenistan,土库曼斯坦,TM,993,-5.0,BCTI(43801),土库曼斯坦.BCTI(43801)
45201,MOBIFONE,VN,Vietnam,越南,VN,84,-1.0,MOBIFONE(45201),越南.MOBIFONE(45201)
45202,VINAFONE,VN,Vietnam,越南,VN,84,-1.0,VINAFONE(45202),越南.VINAFONE(45202)
45400,CSL,HK,Hongkong,香港,HK,852,0.0,CSL(45400),香港.CSL(45400)
45401,NEW WORLD,HK,Hongkong,香港,HK,852,0.0,NEW WORLD(45401),香港.NEW WORLD(45401)
45402,CSL,HK,Hongkong,香港,HK,852,0.0,CSL(45402),香港.CSL(45402)
45404,Orange,HK,Hongkong,香港,HK,852,0.0,Orange(45404),香港.Orange(45404)
45406,SMC,HK,Hongkong,香港,HK,852,0.0,SMC(45406),香港.SMC(45406)
45410,NEW WORLD,HK,Hongkong,香港,HK,852,0.0,NEW WORLD(45410),香港.NEW WORLD(45410)
45412,PEOPLES,HK,Hongkong,香港,HK,852,0.0,PEOPLES(45412),香港.PEOPLES(45412)
45416,SUNDAY,HK,Hongkong,香港,HK,852,0.0,SUNDAY(45416),香港.SUNDAY(45416)
45418,HK TELECOM,HK,Hongkong,香港,HK,852,0.0,HK TELECOM(45418),香港.HK TELECOM(45418)
45601,MobiTel,KH,Kampuchea (Cambodia ),柬埔寨,KH,855,-1.0,MobiTel(45601),柬埔寨.MobiTel(45601)
45602,SAMART-GSM,KH,Kampuchea (Cambodia ),柬埔寨,KH,855,-1.0,SAMART-GSM(45602),柬埔寨.SAMART-GSM(45602)
45701,LAO GSM,LA,Laos,老挝,LA,856,-1.0,LAO GSM(45701),老挝.LAO GSM(45701)
46000,CHINA MOBILE,CN,China,中国,CN,86,0.0,CHINA MOBILE(46000),中国.CHINA MOBILE(46000)
46001,CHN-CUGSM,CN,China,中国,CN,86,0.0,CHN-CUGSM(46001),中国.CHN-CUGSM(46001)
46002,CHINA MOBILE,CN,China,中国,CN,86,0.0,CHINA MOBILE(46002),中国.CHINA MOBILE(46002)
46003,CHINA TELECOM,CN,China,中国,CN,86,0.0,CHINA TELECOM(46003),中国.CHINA TELECOM(46003)
46601,Far EasTone,TW,Taiwan,台湾省,TW,886,0.0,Far EasTone(46601),台湾省.Far EasTone(46601)
46606,TUNTEX,TW,Taiwan,台湾省,TW,886,0.0,TUNTEX(46606),台湾省.TUNTEX(46606)
46668,ACeS,TW,Taiwan,台湾省,TW,886,0.0,ACeS(46668),台湾省.ACeS(46668)
46688,KGT,TW,Taiwan,台湾省,TW,886,0.0,KGT(46688),台湾省.KGT(46688)
46692,Chunghwa,TW,Taiwan,台湾省,TW,886,0.0,Chunghwa(46692),台湾省.Chunghwa(46692)
46693,MobiTai,TW,Taiwan,台湾省,TW,886,0.0,MobiTai(46693),台湾省.MobiTai(46693)
46697,TWN GSM,TW,Taiwan,台湾省,TW,886,0.0,TWN GSM(46697),台湾省.TWN GSM(46697)
46699,TransAsia,TW,Taiwan,台湾省,TW,886,0.0,TransAsia(46699),台湾省.TransAsia(46699)
47001,GrameemPhone,BD,Bangladesh,孟加拉国,BD,880,-2.0,GrameemPhone(47001),孟加拉国.GrameemPhone(47001)
47002,AKTEL,BD,Bangladesh,孟加拉国,BD,880,-2.0,AKTEL(47002),孟加拉国.AKTEL(47002)
47003,ShebaWorld,BD,Bangladesh,孟加拉国,BD,880,-2.0,ShebaWorld(47003),孟加拉国.ShebaWorld(47003)
47019,Mobile 2000,BD,Bangladesh,孟加拉国,BD,880,-2.0,Mobile 2000(47019),孟加拉国.Mobile 2000(47019)
47201,DHIMOBILE,MV,Maldives,马尔代夫,MV,960,-7.0,DHIMOBILE(47201),马尔代夫.DHIMOBILE(47201)
50212,Maxis Mobile,MY,Malaysia,马来西亚,MY,60,-0.5,Maxis Mobile(50212),马来西亚.Maxis Mobile(50212)
50213,TM Touch,MY,Malaysia,马来西亚,MY,60,-0.5,TM Touch(50213),马来西亚.TM Touch(50213)
50216,DiGi,MY,Malaysia,马来西亚,MY,60,-0.5,DiGi(50216),马来西亚.DiGi(50216)
50217,ADAM,MY,Malaysia,马来西亚,MY,60,-0.5,ADAM(50217),马来西亚.ADAM(50217)
50219,CELCOM,MY,Malaysia,马来西亚,MY,60,-0.5,CELCOM(50219),马来西亚.CELCOM(50219)
50501,MobileNet,AU,Australia,澳大利亚,AU,61,2.0,MobileNet(50501),澳大利亚.MobileNet(50501)
50502,OPTUS,AU,Australia,澳大利亚,AU,61,2.0,OPTUS(50502),澳大利亚.OPTUS(50502)
50503,Vodafone,AU,Australia,澳大利亚,AU,61,2.0,Vodafone(50503),澳大利亚.Vodafone(50503)
50508,One.Tel,AU,Australia,澳大利亚,AU,61,2.0,One.Tel(50508),澳大利亚.One.Tel(50508)
51000,ACeS,ID,Indonesia,印度尼西亚,ID,62,-0.3,ACeS(51000),印度尼西亚.ACeS(51000)
51001,SATELINDOCEL,ID,Indonesia,印度尼西亚,ID,62,-0.3,SATELINDOCEL(51001),印度尼西亚.SATELINDOCEL(51001)
51008,LIPPO TEL,ID,Indonesia,印度尼西亚,ID,62,-0.3,LIPPO TEL(51008),印度尼西亚.LIPPO TEL(51008)
51010,TELKOMSEL,ID,Indonesia,印度尼西亚,ID,62,-0.3,TELKOMSEL(51010),印度尼西亚.TELKOMSEL(51010)
51011,GSM-XL,ID,Indonesia,印度尼西亚,ID,62,-0.3,GSM-XL(51011),印度尼西亚.GSM-XL(51011)
51021,INDOSAT,ID,Indonesia,印度尼西亚,ID,62,-0.3,INDOSAT(51021),印度尼西亚.INDOSAT(51021)
51501,ISLACOM,PH,Philippines,菲律宾,PH,63,0.0,ISLACOM(51501),菲律宾.ISLACOM(51501)
51502,Globe,PH,Philippines,菲律宾,PH,63,0.0,Globe(51502),菲律宾.Globe(51502)
51503,SMART,PH,Philippines,菲律宾,PH,63,0.0,SMART(51503),菲律宾.SMART(51503)
51505,Digitel,PH,Philippines,菲律宾,PH,63,0.0,Digitel(51505),菲律宾.Digitel(51505)
51511,ACeS,PH,Philippines,菲律宾,PH,63,0.0,ACeS(51511),菲律宾.ACeS(51511)
52001,AIS GSM,TH,Thailand,泰国,TH,66,-1.0,AIS GSM(52001),泰国.AIS GSM(52001)
52015,ACT Mobile,TH,Thailand,泰国,TH,66,-1.0,ACT Mobile(52015),泰国.ACT Mobile(52015)
52018,WP-1800,TH,Thailand,泰国,TH,66,-1.0,WP-1800(52018),泰国.WP-1800(52018)
52020,ACeS,TH,Thailand,泰国,TH,66,-1.0,ACeS(52020),泰国.ACeS(52020)
52023,HELLO,TH,Thailand,泰国,TH,66,-1.0,HELLO(52023),泰国.HELLO(52023)
52099,Orange,TH,Thailand,泰国,TH,66,-1.0,Orange(52099),泰国.Orange(52099)
52501,ST-GSM-SGP,SG,Singapore,新加坡,SG,65,0.3,ST-GSM-SGP(52501),新加坡.ST-GSM-SGP(52501)
52502,ST-GSM1800-SGP,SG,Singapore,新加坡,SG,65,0.3,ST-GSM1800-SGP(52502),新加坡.ST-GSM1800-SGP(52502)
52503,M1-GSM-SGP,SG,Singapore,新加坡,SG,65,0.3,M1-GSM-SGP(52503),新加坡.M1-GSM-SGP(52503)
52504,SGP-M1-3GSM,SG,Singapore,新加坡,SG,65,0.3,SGP-M1-3GSM(52504),新加坡.SGP-M1-3GSM(52504)
52505,STARHUB-SGP,SG,Singapore,新加坡,SG,65,0.3,STARHUB-SGP(52505),新加坡.STARHUB-SGP(52505)
52811,BRU TSTCom,BN,Brunei,文莱,BN,673,0.0,BRU TSTCom(52811),文莱.BRU TSTCom(52811)
53001,Vodafone,NZ,New Zealand,新西兰,NZ,64,4.0,Vodafone(53001),新西兰.Vodafone(53001)
53901,Tonga Comm.,TO,Tonga,汤加,TO,676,4.0,Tonga Comm.(53901),汤加.Tonga Comm.(53901)
54201,Vodafone,FJ,Fiji,斐济,FJ,679,4.0,Vodafone(54201),斐济.Vodafone(54201)
54720,VINI,PF,French Polynesia,法属玻利尼西亚,PF,689,3.0,VINI(54720),法属玻利尼西亚.VINI(54720)
60201,MobiNiL,EG,Egypt,埃及,EG,20,-6.0,MobiNiL(60201),埃及.MobiNiL(60201)
60202,CLICK GSM,EG,Egypt,埃及,EG,20,-6.0,CLICK GSM(60202),埃及.CLICK GSM(60202)
60301,AMN,DZ,Algeria,阿尔及利亚,DZ,213,-8.0,AMN(60301),阿尔及利亚.AMN(60301)
60400,Meditel,MA,Morocco,摩洛哥,MA,212,-6.0,Meditel(60400),摩洛哥.Meditel(60400)
60401,IAM,MA,Morocco,摩洛哥,MA,212,-6.0,IAM(60401),摩洛哥.IAM(60401)
60502,TUNICELL,TN,Tunisia,突尼斯,TN,216,-7.0,TUNICELL(60502),突尼斯.TUNICELL(60502)
60801,ALIZE,SN,Senegal,塞内加尔,SN,221,-8.0,ALIZE(60801),塞内加尔.ALIZE(60801)
60802,SENTEL,SN,Senegal,塞内加尔,SN,221,-8.0,SENTEL(60802),塞内加尔.SENTEL(60802)
61001,MALITEL,ML,Mali,马里,ML,223,-8.0,MALITEL(61001),马里.MALITEL(61001)
61101,MOBILIS,GN,Guinea,几内亚,GN,224,-8.0,MOBILIS(61101),几内亚.MOBILIS(61101)
61102,LAGUI,GN,Guinea,几内亚,GN,224,-8.0,LAGUI(61102),几内亚.LAGUI(61102)
61302,CELTEL,BF,Burkina-faso,布基纳法索,BF,226,-8.0,CELTEL(61302),布基纳法索.CELTEL(61302)
61402,CELTEL,NE,Niger,尼日尔,NE,227,-8.0,CELTEL(61402),尼日尔.CELTEL(61402)
61501,TOGOCEL,TG,Togo,多哥,TG,228,-8.0,TOGOCEL(61501),多哥.TOGOCEL(61501)
61601,LIBERCOM,BJ,Benin,贝宁,BJ,229,-7.0,LIBERCOM(61601),贝宁.LIBERCOM(61601)
61602,Telecel Benin,BJ,Benin,贝宁,BJ,229,-7.0,Telecel Benin(61602),贝宁.Telecel Benin(61602)
61603,BENINCELL,BJ,Benin,贝宁,BJ,229,-7.0,BENINCELL(61603),贝宁.BENINCELL(61603)
61701,CELLPLUS,MU,Mauritius,毛里求斯,MU,230,-4.0,CELLPLUS(61701),毛里求斯.CELLPLUS(61701)
61710,EMTEL,MU,Mauritius,毛里求斯,MU,230,-4.0,EMTEL(61710),毛里求斯.EMTEL(61710)
61801,Omega,LR,Liberia,利比里亚,LR,231,-8.0,Omega(61801),利比里亚.Omega(61801)
62001,SPACEFON,GH,Ghana,加纳,GH,233,-8.0,SPACEFON(62001),加纳.SPACEFON(62001)
62002,ONEtouch,GH,Ghana,加纳,GH,233,-8.0,ONEtouch(62002),加纳.ONEtouch(62002)
62003,MOBITEL,GH,Ghana,加纳,GH,233,-8.0,MOBITEL(62003),加纳.MOBITEL(62003)
62100,MTN,NG,Nigeria,尼日利亚,NG,234,-7.0,MTN(62100),尼日利亚.MTN(62100)
62120,ECONET,NG,Nigeria,尼日利亚,NG,234,-7.0,ECONET(62120),尼日利亚.ECONET(62120)
62130,MTN,NG,Nigeria,尼日利亚,NG,234,-7.0,MTN(62130),尼日利亚.MTN(62130)
62140,NITEL GSM,NG,Nigeria,尼日利亚,NG,234,-7.0,NITEL GSM(62140),尼日利亚.NITEL GSM(62140)
62201,CELTEL,TD,Chad,乍得,TD,235,-7.0,CELTEL(62201),乍得.CELTEL(62201)
62202,LIBERTIS,TD,Chad,乍得,TD,235,-7.0,LIBERTIS(62202),乍得.LIBERTIS(62202)
62401,MTN-CAM,CM,Cameroon,喀麦隆,CM,237,-7.0,MTN-CAM(62401),喀麦隆.MTN-CAM(62401)
62402,MOBILIS,CM,Cameroon,喀麦隆,CM,237,-7.0,MOBILIS(62402),喀麦隆.MOBILIS(62402)
62801,LIBERTIS,GA,Gabon,加蓬,GA,241,-7.0,LIBERTIS(62801),加蓬.LIBERTIS(62801)
62802,GO Celtel,GA,Gabon,加蓬,GA,241,-7.0,GO Celtel(62802),加蓬.GO Celtel(62802)
62803,CELTEL,GA,Gabon,加蓬,GA,241,-7.0,CELTEL(62803),加蓬.CELTEL(62803)
62901,CELTEL,CG,Congo,刚果,CG,242,-7.0,CELTEL(62901),刚果.CELTEL(62901)
62910,LIBERTIS,CG,Congo,刚果,CG,242,-7.0,LIBERTIS(62910),刚果.LIBERTIS(62910)
63301,SEYCEL,SC,Seychelles,塞舌尔,SC,248,-4.0,SEYCEL(63301),塞舌尔.SEYCEL(63301)
63310,AIRTEL,SC,Seychelles,塞舌尔,SC,248,-4.0,AIRTEL(63310),塞舌尔.AIRTEL(63310)
63401,MobiTel,MZ,Mozambique,莫桑比克,MZ,258,-6.0,MobiTel(63401),莫桑比克.MobiTel(63401)
63601,ETMTN,ET,Ethiopia,埃塞俄比亚,ET,251,-5.0,ETMTN(63601),埃塞俄比亚.ETMTN(63601)
63701,BARAKAAT,SO,Somali,索马里,SO,252,-5.0,BARAKAAT(63701),索马里.BARAKAAT(63701)
63902,Safaricom,KE,Kenya,肯尼亚,KE,254,-5.0,Safaricom(63902),肯尼亚.Safaricom(63902)
63903,KENCELL,KE,Kenya,肯尼亚,KE,254,-5.0,KENCELL(63903),肯尼亚.KENCELL(63903)
64001,TRITEL,TZ,Tanzania,坦桑尼亚,TZ,255,-5.0,TRITEL(64001),坦桑尼亚.TRITEL(64001)
64002,MobiTel,TZ,Tanzania,坦桑尼亚,TZ,255,-5.0,MobiTel(64002),坦桑尼亚.MobiTel(64002)
64003,ZANTEL,TZ,Tanzania,坦桑尼亚,TZ,255,-5.0,ZANTEL(64003),坦桑尼亚.ZANTEL(64003)
64004,Vodacom,TZ,Tanzania,坦桑尼亚,TZ,255,-5.0,Vodacom(64004),坦桑尼亚.Vodacom(64004)
64005,CELTEL,TZ,Tanzania,坦桑尼亚,TZ,255,-5.0,CELTEL(64005),坦桑尼亚.CELTEL(64005)
64101,CelTel,UG,Uganda,乌干达,UG,256,-5.0,CelTel(64101),乌干达.CelTel(64101)
64110,MTN-UGANDA,UG,Uganda,乌干达,UG,256,-5.0,MTN-UGANDA(64110),乌干达.MTN-UGANDA(64110)
64111,UTL TELECEL,UG,Uganda,乌干达,UG,256,-5.0,UTL TELECEL(64111),乌干达.UTL TELECEL(64111)
64201,Spacetel,BI,Burundi,布隆迪,BI,257,-6.0,Spacetel(64201),布隆迪.Spacetel(64201)
64202,SAFARIS,BI,Burundi,布隆迪,BI,257,-6.0,SAFARIS(64202),布隆迪.SAFARIS(64202)
64601,Madacom,MG,Madagascar,马达加斯加,MG,261,-5.0,Madacom(64601),马达加斯加.Madacom(64601)
64602,ANTARIS,MG,Madagascar,马达加斯加,MG,261,-5.0,ANTARIS(64602),马达加斯加.ANTARIS(64602)
64801,NET*ONE,ZW,Zimbabwe,津巴布韦,ZW,263,-6.0,NET*ONE(64801),津巴布韦.NET*ONE(64801)
64803,TELECEL,ZW,Zimbabwe,津巴布韦,ZW,263,-6.0,TELECEL(64803),津巴布韦.TELECEL(64803)
64804,ECONET,ZW,Zimbabwe,津巴布韦,ZW,263,-6.0,ECONET(64804),津巴布韦.ECONET(64804)
64901,MTC,,Ascension,阿森松,,247,-8.0,MTC(64901),阿森松.MTC(64901)
64901,MTC,,Cayman Is.,开曼群岛,,1345,-13.0,MTC(64901),开曼群岛.MTC(64901)
64901,MTC,,Ivory Coast,科特迪瓦,,225,-6.0,MTC(64901),科特迪瓦.MTC(64901)
64901,MTC,,Mariana Is,马里亚那群岛,,1670,1.0,MTC(64901),马里亚那群岛.MTC(64901)
64901,MTC,,Martinique,马提尼克,,596,-12.0,MTC(64901),马提尼克.MTC(64901)
64901,MTC,,Namibia,纳米比亚,,264,-7.0,MTC(64901),纳米比亚.MTC(64901)
64901,MTC,,Netheriands Antilles,荷属安的列斯,,599,-12.0,MTC(64901),荷属安的列斯.MTC(64901)
64901,MTC,,Reunion,留尼旺,,262,-4.0,MTC(64901),留尼旺.MTC(64901)
64901,MTC,,Samoa Eastern,东萨摩亚(美),,684,-19.0,MTC(64901),东萨摩亚(美).MTC(64901)
64901,MTC,,Samoa Western,西萨摩亚,,685,-19.0,MTC(64901),西萨摩亚.MTC(64901)
65001,CALLPOINT 90,MW,Malawi,马拉维,MW,265,-6.0,CALLPOINT 90(65001),马拉维.CALLPOINT 90(65001)
65010,CelTel,MW,Malawi,马拉维,MW,265,-6.0,CelTel(65010),马拉维.CelTel(65010)
65101,Vodacom,LS,Lesotho,莱索托,LS,266,-6.0,Vodacom(65101),莱索托.Vodacom(65101)
65201,MASCOM,BW,Botswana,博茨瓦纳,BW,267,-6.0,MASCOM(65201),博茨瓦纳.MASCOM(65201)
65202,VISTA,BW,Botswana,博茨瓦纳,BW,267,-6.0,VISTA(65202),博茨瓦纳.VISTA(65202)
65310,SwaziMTN,SZ,Swaziland,斯威士兰,SZ,268,-6.0,SwaziMTN(65310),斯威士兰.SwaziMTN(65310)
65501,Vodacom,ZA,South Africa,南非,ZA,27,-6.0,Vodacom(65501),南非.Vodacom(65501)
65507,Cell C (Pty) Ltd,ZA,South Africa,南非,ZA,27,-6.0,Cell C (Pty) Ltd(65507),南非.Cell C (Pty) Ltd(65507)
65510,MTN,ZA,South Africa,南非,ZA,27,-6.0,MTN(65510),南非.MTN(65510)
70601,PERSONAL,SV,EI Salvador,萨尔瓦多,SV,503,-14.0,PERSONAL(70601),萨尔瓦多.PERSONAL(70601)
70602,DIGICEL,SV,EI Salvador,萨尔瓦多,SV,503,-14.0,DIGICEL(70602),萨尔瓦多.DIGICEL(70602)
71610,TIM,PE,Peru,秘鲁,PE,51,-13.0,TIM(71610),秘鲁.TIM(71610)
72207,UNIFON,AR,Argentina,阿根廷,AR,54,-11.0,UNIFON(72207),阿根廷.UNIFON(72207)
72234,Telecom Personal,AR,Argentina,阿根廷,AR,54,-11.0,Telecom Personal(72234),阿根廷.Telecom Personal(72234)
72235,PORT-HABLE,AR,Argentina,阿根廷,AR,54,-11.0,PORT-HABLE(72235),阿根廷.PORT-HABLE(72235)
72402,TIM BRASIL,BR,Brazil,巴西,BR,55,-11.0,TIM BRASIL(72402),巴西.TIM BRASIL(72402)
72403,TIM BRASIL,BR,Brazil,巴西,BR,55,-11.0,TIM BRASIL(72403),巴西.TIM BRASIL(72403)
72404,TIM BRASIL,BR,Brazil,巴西,BR,55,-11.0,TIM BRASIL(72404),巴西.TIM BRASIL(72404)
72405,Claro,BR,Brazil,巴西,BR,55,-11.0,Claro(72405),巴西.Claro(72405)
72416,BrTCel,BR,Brazil,巴西,BR,55,-11.0,BrTCel(72416),巴西.BrTCel(72416)
73001,ENTEL PCS,CL,Chile,智利,CL,56,-13.0,ENTEL PCS(73001),智利.ENTEL PCS(73001)
73010,ENTEL PCS,CL,Chile,智利,CL,56,-13.0,ENTEL PCS(73010),智利.ENTEL PCS(73010)
73401,INFONET,VE,Venezuela,委内瑞拉,VE,58,-12.3,INFONET(73401),委内瑞拉.INFONET(73401)
73402,DIGITEL,VE,Venezuela,委内瑞拉,VE,58,-12.3,DIGITEL(73402),委内瑞拉.DIGITEL(73402)
73601,NUEVATEL,BO,Bolivia,玻利维亚,BO,591,-12.0,NUEVATEL(73601),玻利维亚.NUEVATEL(73601)
73602,ENTEL,BO,Bolivia,玻利维亚,BO,591,-12.0,ENTEL(73602),玻利维亚.ENTEL(73602)
74401,VOX,PY,Paraguay,巴拉圭,PY,595,-12.0,VOX(74401),巴拉圭.VOX(74401)
74402,PY 02,PY,Paraguay,巴拉圭,PY,595,-12.0,PY 02(74402),巴拉圭.PY 02(74402)
74601,ICMS,SR,Suriname,苏里南,SR,597,-11.3,ICMS(74601),苏里南.ICMS(74601)
